8.241981863742517955e-01,1.154718700733838643e+00,1.075310929869242704e+00,9.273039001394264291e-01,1.098555140542223585e+00
9.202175841778292842e-01,4.682495932010068973e-01,1.254530572138628619e+00,1.086721656444837647e+00,6.272376453022296960e-01
2.227576723846099505e+00,-8.033361318162188791e-01,5.377163563672821001e-03,1.501054774603746145e+00,7.929471587672899391e-01
6.384611472240007135e-01,8.037189825002842847e-01,1.382963166042920022e+00,6.770333224765033853e-01,4.752023846335610702e-01
1.013634915271865999e+00,9.731806159582977456e-01,6.657518962741622026e-01,7.965277940227000197e-01,7.943193135211755740e-01
6.175947950277659304e-01,4.857460328028629371e-01,1.133177169368777992e+00,1.000119167039500434e+00,1.084151373161108545e+00
1.269825992470010600e+00,5.001071076333394316e-01,7.421992083191714107e-02,5.384451152371112492e-01,1.015767073414193034e+00
7.264456702753301354e-01,1.020869624138641463e+00,8.604098075122016409e-01,5.329441580137627144e-01,8.324265008974968127e-01
7.731920772767135741e-01,1.185924217296602912e+00,8.481990607322436038e-01,6.741130037273181941e-01,7.851901789856011726e-01
3.797379802656060399e-02,9.989222275768570025e-01,1.824110532040057020e+00,9.980020852789226460e-01,8.403951506593321241e-02
9.122040549344391236e-01,1.008477610333548879e+00,9.884579185468644891e-01,1.033897576907936600e+00,9.196497570957054002e-01
1.094282095493736895e+00,8.007474666200556923e-01,1.573509005434828190e+00,1.427921588658041196e+00,6.796599689464598582e-01
7.863825745042180015e-01,7.875980820114193426e-01,1.036779550626278024e+00,1.197662257607718050e+00,8.552721654994263067e-01
5.698059508872768131e-01,6.735130697328097771e-01,9.533212676231850313e-01,5.196552400975369412e-01,8.286217745386996736e-01
9.033929167833693041e-01,7.762121617251165340e-01,8.697403455522004778e-01,6.022177347562726046e-01,1.126930048295896380e+00
7.997035981727893539e-01,9.945675564053928497e-01,6.554471286331741142e-01,9.532777891591610597e-01,8.019743672838769433e-01
8.074350225827265914e-01,9.910438918025437083e-01,9.663184928218082614e-01,6.824149067370667288e-01,8.465475400070257006e-01
9.361129318620380335e-01,8.941272946930201027e-01,8.875879379540809744e-01,9.757114985132958607e-01,1.018419524999298886e+00
6.449661928654361054e-01,8.479063505085974173e-01,4.852956117694893212e-01,4.420890059699478791e-01,7.800985530741668672e-01
9.717088790577000923e-01,1.056657572819131419e+00,1.091892917014428477e+00,1.005195960104623421e+00,5.876242896708102625e-01
7.533818910344073361e-01,3.913305141074302496e-01,7.977146672576194142e-01,1.042715758073476717e+00,1.040006346641772605e+00
4.234293673135856029e-01,1.904991217622974686e-01,-4.330984620169334720e-01,1.179711123904532144e+00,2.878008220338337808e-01
6.551304907626618323e-01,9.013919813802170333e-01,8.262409520456100998e-01,9.172085239655524136e-01,7.888212114202322045e-01
7.306603437962624348e-01,7.826215267817311361e-01,7.776471938881763801e-01,6.310579748638657227e-01,1.092705217736788637e+00
9.186669923578845154e-01,1.006124300199666033e+00,1.291686308551531104e+00,1.342789453079220152e+00,9.578473614869267294e-01
5.947398287008143214e-01,9.451453964898726134e-01,7.965918844772678087e-01,7.774901951515267307e-01,7.990721471743131854e-01
4.041378879000215307e-01,4.132612978770263124e-01,6.630043264142222448e-01,9.897724573684711924e-01,8.287788908504445384e-01
5.949487648928080130e-01,1.023836310206440725e+00,8.010560289284404112e-01,9.222513922775705808e-01,8.738823088015615914e-01
8.395809251158755648e-01,1.073996392461386007e+00,9.575195363070997390e-01,1.187660603671586879e+00,7.075155127007184408e-01
1.254510687393158852e+00,8.925975548672941962e-01,1.408457516958059319e+00,9.719268880496859664e-01,1.044052867900706394e+00
1.349472381858910275e+00,8.149528404068764331e-01,8.234156636129872364e-01,6.158828887820222420e-01,8.699051037375914452e-01
1.234853629201419167e+00,9.685399490206162421e-01,7.357884237652531079e-01,8.341278365133957262e-01,9.198983779463549837e-01
7.872077792379775785e-01,1.367959455531450708e+00,5.206736866569311450e-01,8.953034804830820592e-01,9.420379848906585973e-01
1.505742330893654168e+00,6.035985456077846978e-01,8.985798275691236903e-01,8.715750280019080032e-01,7.996984750708178158e-01
1.055050742646792772e+00,5.207655060422934357e-01,1.245579270463555766e+00,4.149419916139231446e-01,1.280144324717689797e+00
9.529075660915415913e-01,7.138638983282532546e-01,5.397970557997752161e-01,6.845662176413984668e-01,9.522485565854464651e-02
8.666730961025628233e-01,7.559368455667355713e-01,1.124877090526028800e+00,1.277658002471151910e+00,5.577683948924633262e-01
8.740740744075204960e-01,7.872650112562052938e-01,6.091457411460567961e-01,5.801586093089823315e-01,7.908254796504636808e-01
1.079427177638730084e+00,1.205120994805681800e+00,7.271946262218969004e-01,8.670826273895581027e-01,7.616496038748592490e-01
1.164777542704718671e+00,9.257451466359903902e-01,6.733594519766858966e-01,9.111951872528076812e-01,7.680369673704779965e-01
5.662367208630196824e-01,6.294808317919896590e-01,5.141351050223416097e-01,7.504364030657120210e-01,6.598037179078722891e-01
1.115949095826851867e+00,8.028410501322411630e-01,1.220109672211992846e+00,7.771944783490650766e-01,1.120791048396308831e+00
1.348508305030802656e+00,4.926857587526488058e-01,1.182746490678360463e+00,1.556838440168849758e+00,1.400709234561657857e+00
6.247985506558269009e-01,1.259195977906662156e+00,1.129602710840816648e+00,9.507922697845314630e-01,7.028872689602642110e-01
1.176268344173755809e+00,7.828790393221182198e-01,1.271632245018335272e+00,1.148196062462842670e+00,1.141442444782727828e+00
8.108844837917124071e-01,7.951581640199564260e-01,1.123429097223300310e+00,8.274179297913241138e-01,1.420505400311674160e+00
1.230876365476964329e+00,2.044486137328951625e-01,6.737651971606422041e-01,9.684544648348946128e-01,5.154378964685699671e-01
8.455090743469270143e-01,7.449624074706217014e-01,8.497875595444569496e-01,1.178207003974467870e+00,8.876220713677410723e-01
9.613743296004543248e-01,1.001066594231231344e+00,1.185441335385463368e+00,7.967726404492795345e-01,8.778350206205082218e-01
9.256974808969328228e-01,8.966787953926987909e-01,7.331822360494776314e-01,5.956971940146054134e-01,7.197527463122020963e-01
1.454535722873955272e+00,1.583326573401153903e+00,5.561919052790329498e-01,4.869010274451722187e-01,1.068054886486644151e+00
1.268761290514123674e+00,9.468548423899352251e-01,1.181340758766022514e+00,1.012994592496894830e+00,1.098937138948423931e+00
1.271940721429832610e+00,1.562910374870521757e+00,1.156904518702500440e+00,9.250026170524715541e-01,7.348694556991605120e-01
6.676325252777276509e-01,6.089374052423047745e-01,8.078478623079363707e-01,7.321903264933687927e-01,7.298303709655399318e-01
7.335629653779092152e-01,1.703961922304453314e+00,7.799730696628093263e-01,6.814492819183215477e-01,5.834926606269646987e-01
9.241791346389934825e-01,8.562290462412281977e-01,9.423904128231249677e-01,9.550847566681284206e-01,9.245231413811608734e-01
7.731564191155413379e-01,1.045861261152065902e+00,8.276202244356878346e-01,6.762828536457123896e-01,7.451251188113571233e-01
1.203213527605216715e+00,1.021656591492779098e+00,9.774618216662666059e-01,9.583232517788934368e-01,1.077991345946214485e+00
9.156052528852889338e-01,8.565939227685875901e-01,8.246158528900282558e-01,1.205693152992122430e+00,6.062135448211890543e-01
7.806377189381632498e-01,9.596369540857812019e-01,9.991327345618590261e-01,8.491739351159260929e-01,6.685501031615360690e-01
6.999778222312350584e-01,1.208215806031071260e+00,1.014090015632004071e+00,7.502781293124413109e-01,6.661289567947711321e-01
1.034969253457030280e+00,9.893919680112429615e-01,9.236864153180169845e-01,1.023459198402073778e+00,1.233540340739116781e+00
1.090604686968368764e+00,1.174398324751855238e+00,8.048629356033976112e-01,1.079716072833364793e+00,9.295626903783306139e-01
8.027294689560892094e-01,1.114603192234429496e+00,1.056811074512586268e+00,8.453101688349743403e-01,7.895963244297669048e-01
7.390049145483554849e-01,9.470650374624018930e-01,9.153750599278652755e-01,9.305414143016677020e-01,9.855209697305585825e-01
9.830735458159591822e-01,1.128252413086078043e+00,1.036696604972870306e+00,9.667619441982007178e-01,8.511593289883729874e-01
1.042973696497163649e+00,3.749412728017321728e-01,6.045703123553516356e-01,1.475120462027244894e+00,7.514849390521990413e-01
1.014577248322924730e+00,7.752359328115374648e-01,8.864542439319824663e-01,9.857554265345228606e-01,7.035893156928907377e-01
7.377717853421301708e-01,1.096014153343474407e+00,9.639978561802611257e-01,8.887417617858792696e-01,8.341788364441929948e-01
7.332774873223557588e-01,1.048525462675478970e+00,9.056409666762044175e-01,1.123414466113497490e+00,8.743525267713997406e-01
9.897807303519848832e-01,3.447721103005486620e-01,1.340566773937114320e+00,5.375833351760814782e-01,1.200517724222860849e+00
8.690969466613520655e-01,1.031652471863724552e+00,1.001498282649581961e+00,9.102111524249961727e-01,9.150649569686889473e-01
1.331178381146184364e+00,8.792415159873394614e-01,9.079145386800632211e-01,6.823737618368268532e-01,8.057493633146026735e-01
9.927458278029034355e-01,1.221651623585381152e+00,6.269898916016485302e-01,9.392345621147835111e-01,8.705707369115200933e-01
4.321082736948150260e-01,1.357218573659154659e+00,5.390349204073764389e-01,2.973509349413931413e-01,1.167034600418065837e+00
1.701287227530157153e-02,1.305939651116945432e+00,7.833569720813400306e-01,6.227680147784637743e-01,1.005489034290695471e+00
6.278425812699028885e-01,9.165041100459501155e-01,1.177438232859379319e+00,9.608843744049150315e-01,4.116653423767981379e-01
2.340248761635302377e-01,7.550702429771025681e-01,9.955184465329416366e-01,5.114430089365369358e-01,6.094688184934857755e-01
7.196600383923167366e-01,9.430700350033636159e-01,8.339049679044056029e-01,6.894586916519067632e-01,7.631250584076078036e-01
1.185769599624859616e+00,8.899941377998925596e-01,9.749967556210108466e-01,9.840003447323799612e-01,1.219126839834902665e+00
3.374832967105009240e-01,7.178105169790964801e-01,9.087608201730411617e-01,4.243185402074892143e-01,1.031406104786672717e+00
7.357073058704975965e-01,5.194342420472769506e-01,1.136607505471925794e+00,8.934741332036028050e-01,1.275467285260364569e+00
8.749724163744660999e-01,1.169512990313336331e+00,1.389659363661036373e+00,7.794062366513443418e-01,-1.251632532003746356e-01
8.591580717636528863e-01,9.618308451897986666e-01,8.657764189963986778e-01,8.417959307886909714e-01,7.680336885935518110e-01
7.450111715380570709e-01,7.258394345929014557e-01,1.161082237120601102e+00,7.258513123308497628e-01,8.160586545516652635e-01
9.769218528908941712e-01,6.908524812354475131e-01,9.087617401923985261e-01,9.086178527388182324e-01,1.138512141881929729e+00
8.919715490893739274e-01,1.056869637018803987e+00,7.138663277902834725e-01,9.727656886040667583e-01,8.611537492250291859e-01
9.818278527472131811e-01,1.067909004594240541e+00,1.034108584359401783e+00,7.618376479858882666e-01,8.230379721739244925e-01
1.159532031963898868e+00,1.025599000328764721e+00,1.357836978688464535e+00,1.190405027597367216e+00,8.881955911275459803e-01
1.394440078666941973e+00,7.345910661294048349e-01,1.885636528565579062e-01,1.072412894945989459e+00,1.322841134812134944e+00
6.501799636622701550e-01,1.100557272917522367e+00,9.301698704670533502e-01,9.312366567842234044e-01,8.006426967989960231e-01
9.552221752197107563e-01,1.166557912291022125e+00,9.323702350435689734e-01,9.217670921938960760e-01,8.679374670333257491e-01
1.017446461041594752e+00,6.268620532084103747e-01,9.332303216921546962e-01,1.198023616652218015e+00,1.235874644166785163e+00
7.317574245097515639e-01,6.435086217873948744e-01,9.454674657204183985e-01,3.603289359311185325e-01,9.315766647049119609e-01
9.124304441319456282e-01,1.035406827599344659e+00,6.899223215734988646e-01,8.679035724010758512e-01,9.781811130420366984e-01
1.392424119691136220e+00,5.174553087944212537e-01,6.384958657568476914e-01,1.256545044662297217e-01,1.011197562885945311e+00
7.415715027931459868e-01,7.458031265003670640e-01,1.184655568210679855e+00,1.432421846950893141e+00,8.231095045161098689e-01
1.275086333045844844e+00,9.657944480435353141e-01,3.140408630667719803e-01,1.592561870378279121e+00,8.902910781736796952e-01
9.235060209373502360e-01,1.000865653127053889e+00,1.060956450976670018e+00,1.143091160844084353e+00,8.442021189079870203e-01
1.063988650019959570e+00,6.063444029300615323e-01,1.027247885437650332e+00,9.749194627997199714e-01,1.034898194525260884e+00
7.713944358653662681e-01,9.073439486161248846e-01,1.099610085307400897e+00,5.860678473345506401e-01,6.806561922217811977e-01
7.866378099141599911e-01,8.261525150210975443e-01,7.431890583558556918e-01,1.014079620190924125e+00,6.491996337383247884e-01
9.584309309493570517e-01,9.722809852744638270e-01,1.015482606259368481e+00,7.638928281227476136e-01,7.954717629982517302e-01
9.186438129951600695e-01,7.596409388080094249e-01,1.081970442342198302e+00,9.570531046936676667e-01,9.894944948774710980e-01
1.326342379874359656e+00,1.361989862843284049e+00,1.294173132785762625e+00,1.422867845295065381e+00,1.398494576653013244e+00
1.060320820831292421e+00,7.961475687066063012e-01,7.765563550114247260e-01,1.386277730570219857e+00,1.150682013673650195e+00
8.598765084817294735e-01,6.369532413446037378e-01,1.124412540118401305e+00,8.916352202111303971e-01,1.057261343275227583e+00
1.233040272624944089e+00,9.831384123490519711e-01,1.446338593700079667e+00,5.158343410190132650e-01,5.553726809737369319e-01
8.092538519692608068e-01,8.249359756855724202e-01,7.094636327145488197e-01,7.968550340020882361e-01,7.886225903063424081e-01
1.072155861062055848e+00,1.203270956256418778e+00,5.222822126792828756e-01,6.109310258291831275e-01,9.629292322239271229e-01
1.297444724605518296e+00,7.971493272059121393e-01,1.069359569392642761e+00,8.564026193348618365e-01,1.567151065880794558e+00
8.569687093759712493e-01,1.089306373524761895e+00,1.291437100936488003e+00,6.923125011331805467e-01,8.400895545042349477e-01
3.139183733376441632e-01,1.166516691896219537e+00,9.727502098445766077e-01,1.117939433354788736e+00,3.368100344607791730e-01
1.211858927749950521e+00,1.035503215386668563e+00,6.156106002255061771e-01,7.482736396420316405e-01,3.652257283277309252e-01
3.838926500240004702e-01,1.420788882514048890e+00,1.066790432432843660e+00,8.140940944049658290e-01,1.127834981179323348e+00
1.240358387218039482e+00,1.096440758457478959e-01,8.473999502635402026e-01,9.504241868540717064e-01,9.498615932158742670e-01
8.464735447787857803e-01,7.408507078144005442e-01,7.455819433212169667e-01,6.097519703325344764e-01,8.996203051278910401e-01
7.055782891444289939e-01,1.050102059469911975e+00,9.091467261189297711e-01,6.636710005961435899e-01,7.874432134405024986e-01
1.144084905273501818e+00,9.998957855386805260e-01,1.021470712175707618e+00,1.026924778972897467e+00,1.189086340820551202e+00
8.622721754077630196e-01,1.163177012660220777e+00,8.382306054427121067e-01,9.218930277119938843e-01,5.354880413820779506e-01
8.684015859755370714e-01,9.635356683867749572e-01,5.205891235158270902e-01,6.300584962720002791e-01,9.184863678175626545e-01
1.055687019942447735e+00,1.059268760668194975e+00,9.567001748527829141e-01,1.033123899841429161e+00,9.746940289044367933e-01
8.821283964504861297e-01,9.730320432521130103e-01,8.386541556775449768e-01,1.002572344016164685e+00,9.951056167719674050e-01
7.667015538568885402e-01,1.125563081177586078e+00,7.244977140561937867e-01,5.652948279982198398e-01,8.925483933623568067e-01
9.618252845399768436e-01,7.069641571596156915e-01,7.423737922687908553e-01,1.174870294671045867e+00,9.388174644040743200e-01
8.810235461653084243e-01,3.722117956172432685e-01,7.013227288583578911e-01,4.851933969574349637e-01,1.573547693383509527e+00
7.823417806821377773e-01,3.575989224954373991e-01,7.338611754651238606e-01,4.092587098250698996e-01,1.037248508311325423e+00
9.579633306033973339e-01,6.190502361795933162e-01,1.052283859572989977e+00,7.048560218792963017e-01,7.968451030420635739e-01
1.125465324823356372e+00,7.097253958571141386e-01,1.037161540241904545e+00,9.631855098132612314e-01,9.796004383800538395e-01
5.965990593651695484e-01,5.254820752185145327e-01,9.971793480443059687e-01,6.750835776477898120e-01,7.913043193608855219e-01
7.516835899623506290e-01,1.050610369405568623e+00,6.988873963612296514e-01,8.897646679682429394e-01,5.165129565381972876e-01
7.492818560851728371e-01,7.618129385393168640e-01,6.140494786648209580e-01,6.546587899984261938e-01,5.012791817752206835e-01
6.715787945098895539e-01,9.874637489236384180e-01,6.943854379987935976e-01,3.245090093814165799e-01,6.690383773038489634e-01
9.543256206904412453e-01,7.394472758673699131e-01,1.001145036376141384e+00,9.150561129437811969e-01,1.014556915888858546e+00
6.578838769652874952e-01,1.222199162203223777e+00,7.957715447965842959e-01,6.389050189431215721e-01,9.627687685780216276e-01
1.447604361933293005e+00,5.211477425746493392e-02,1.100505614618666472e+00,6.340223344859522436e-01,5.714711737176985107e-01
7.460416978666200016e-01,1.106324927496778132e+00,7.835558213159895535e-01,8.992567163240919870e-01,9.274710479087882042e-01
1.254350286127803971e+00,1.515390569100593776e+00,4.482061905896604637e-02,4.267705723819142372e-01,1.240194795101047243e+00
3.248687671380125486e-01,7.504367088074839209e-01,8.580115401470509440e-01,6.557172091703852290e-01,4.869588635889761652e-01
8.635400225332756641e-01,8.074715864702840529e-01,7.777114338708973618e-01,7.066066963034598469e-01,8.792664017733157200e-01
9.497696499645839063e-01,1.037156600235588311e+00,1.138298678265086572e+00,8.974181965175562770e-01,9.755777889529346769e-01
8.426055621233135007e-01,1.086466493283225754e+00,6.504158655116685228e-01,8.781847629486227991e-01,8.561680478511997094e-01
9.647313074480377004e-01,-1.381438149760260900e-02,9.779920752526475303e-01,8.471999220516883700e-01,1.465077256458545474e+00
1.002586853165156056e+00,8.077213712238490162e-01,1.017936017541716476e+00,1.044078119734176857e+00,9.747378113877185335e-01
9.939938629113044266e-01,6.908082771903447661e-01,7.784363720592110125e-01,6.884140252689037176e-01,7.703986773449642556e-01
9.774216593633809902e-01,6.895827621151326969e-01,1.033119930759058613e+00,5.606873063069292007e-01,8.008057252819698046e-01
1.397081337462921846e+00,1.121964748811321133e+00,4.608943374949711624e-01,5.843337762804901026e-01,7.998880354964372774e-01
8.674693550122350993e-01,8.319653952905321503e-01,9.343283814719031133e-01,9.403875040576993305e-01,8.782784401628008775e-01
9.535436317462095412e-02,1.046594981738037111e+00,7.981803631123139953e-01,3.211874326703522131e-01,5.698593565307117359e-01
8.703846450837547932e-01,9.948393949049394447e-01,8.895084573766720570e-01,9.254405246834890297e-01,8.227627040708691553e-01
1.236367051631420022e+00,5.893605031763151647e-01,8.975704629571628068e-01,9.008296827649917571e-01,1.243371009068385158e+00
8.566130192506032914e-01,7.761500290058217510e-01,8.336992496283520682e-01,9.219810319903115614e-01,7.872047695679337265e-01
9.685023848280581715e-01,1.757298324726186856e+00,1.622918027619075013e-02,3.337315631960642848e-01,-2.343560678783589424e-01
8.574765923874146933e-01,1.349004510110209720e+00,7.818855797103283489e-01,6.976876144872914409e-01,1.482886713486213814e+00
6.279785517666778283e-01,5.962974436839270087e-01,1.066449858880529566e+00,7.272073460344815610e-01,1.428716238518142001e+00
1.179534622916232234e+00,9.002113868233749816e-01,9.638870555301728427e-01,1.136332899739970204e+00,8.930412971823411539e-01
7.801440160135371116e-01,1.047122712936244149e+00,8.561645205194416963e-01,9.790785226185694246e-01,6.272137836184087378e-01
7.400082824375547874e-01,9.901643905233461496e-01,8.369709469721121620e-01,5.970569512647239119e-01,1.248945514860610562e+00
1.293459570626928512e+00,1.394510781820101353e-01,6.686175882580223107e-01,1.474922749843748937e+00,6.292786588353038724e-01
7.572831418955636718e-01,1.180991610980410167e+00,4.472823152550682302e-01,1.276910811514957889e+00,1.607030090897195729e-01
1.121555673108053597e+00,8.108881173489916883e-01,9.860631719488207603e-01,7.563328658861817599e-01,8.952466349329216699e-01
1.132113522816247331e+00,6.450586777001118266e-01,1.084051024021061460e+00,8.375330279866026739e-01,1.246213893953051155e+00
5.573029570825328571e-01,7.287288204086849186e-01,6.500313963351963542e-01,9.122784249567084114e-01,6.045012887266667523e-01
8.439821132967927353e-01,6.330192596170488573e-01,1.083653969718368693e+00,9.096645019093987372e-01,1.242746206321674540e+00
8.212164322072155187e-01,6.089627146210773168e-01,6.636831049412983408e-01,7.653869267281229183e-01,1.109047831591614353e+00
9.272578123905185210e-01,1.018025579612528153e+00,1.036169117802628437e+00,1.014793290223814815e+00,9.621298659743627857e-01
6.771006087847472044e-01,1.376656603107726307e+00,5.447068284724042586e-01,6.076321664501624920e-01,6.258085616999632395e-01
1.150931359383654540e+00,1.081698414827402699e+00,9.516037384570953384e-01,1.052537940574747477e+00,6.894409889804807845e-01
9.651986976660894557e-01,8.133581351558685224e-01,1.103750718337996428e+00,1.000919435201683916e+00,1.120142245279884152e+00
6.461333412428719170e-01,5.040711165444637931e-01,9.594201517656677503e-01,7.419397180062924368e-01,9.855372049831427894e-01
1.133139315732223817e+00,1.280571819412767098e+00,7.929499404097261062e-01,8.591676561902303888e-01,1.015862832643047664e+00
1.127482913759380923e+00,6.785920082171310597e-01,8.593662000749516805e-01,9.619845695322242207e-01,6.968154631407376121e-01
4.987198528975014811e-01,5.205267993583010400e-01,1.044504199725750926e+00,6.943007852579536898e-01,1.028769768688063913e+00
8.650619303632319790e-01,4.552812313776283815e-01,1.267052949596769507e+00,1.186610656836760702e+00,1.023290578952671614e+00
7.004966359780613328e-01,9.149168869008111882e-01,4.664101011805497909e-02,7.963998751033922741e-01,2.285113515018871055e+00
9.697355011614703368e-01,8.502746961636521439e-01,1.037648036299773313e+00,6.448579256683809602e-01,1.329972370685348126e+00
1.083305674187374557e+00,1.130379895575403415e+00,8.268421059277283325e-01,7.538751817808205802e-01,8.435401862863521893e-01
1.038269307903163075e+00,1.271524004702388577e+00,7.194351567380274926e-01,6.620655279277267713e-01,8.428336423489308782e-01
1.026251955220371936e+00,6.460861785938164514e-01,1.096551717793781355e+00,8.080261504761147018e-01,1.087909422829850703e+00
7.640570797401763370e-01,9.474986515237642237e-01,1.028194152366627590e+00,4.873929197084560516e-01,8.848744441118427950e-01
7.348513135547157793e-01,2.458725099936401870e-01,1.189329899581766492e+00,9.530127881173910964e-01,5.854347055628024155e-01
5.774374493463640956e-01,1.046995412930026292e+00,7.763762423751873198e-01,9.182064337154801636e-01,5.695236537347126982e-01
6.687518704690135207e-01,5.338750745204954296e-01,7.831469225031950643e-01,5.464105555365084133e-01,1.365636862847378508e+00
1.164013839969016084e+00,9.404782620104633617e-01,1.330280747492752935e+00,9.864154339634582103e-01,1.086238263450145736e+00
9.151940262392814773e-01,9.924076958880656552e-01,7.758522722294437513e-01,4.122885277642729385e-01,1.086699535108280434e+00
6.998432897674595754e-01,8.254936595835492552e-01,1.017932486337927322e+00,9.562574980603341102e-01,1.129273077402672243e+00
6.914485633169178413e-01,1.071443370160464204e+00,8.435674666540901034e-01,5.869356637706059088e-01,6.108764074986587911e-01
6.719225329717278816e-01,7.006876718315171448e-01,1.113155105972480241e+00,9.754810897791137414e-01,1.364262196960593698e+00
9.519756782471954226e-01,9.317557298779528541e-01,9.414043896195000150e-01,9.006906745291272109e-01,6.907042112274511814e-01
8.092273017263904578e-01,1.009550897798284330e+00,1.107915324071820251e+00,9.717566679013579511e-01,9.292652434963797337e-01
1.350065749458083442e+00,1.881957026967206792e+00,8.809484758315742070e-01,3.476472148659418560e-01,1.813281937395236632e-01
7.054422520844055855e-01,4.145783972943350437e-01,1.333331657523642910e+00,6.616459865252235506e-01,1.371328508655453859e+00
8.248628653274913125e-01,7.319054262347873818e-01,1.307972340967099578e+00,6.352152368084323930e-01,6.463971007448967576e-01
8.915821063912464650e-01,7.455576303418049999e-01,7.174941837272125200e-01,7.685630739830746627e-01,1.085153394741643851e+00
1.178814389608509261e+00,9.329021270287973788e-01,3.744703558844170166e-01,5.446513457494306376e-01,1.007071389156958929e+00
6.893420380470483000e-01,1.009443435507894726e+00,1.019654549214725536e+00,7.171111889428986030e-01,1.013789973226835173e+00
4.175966280223465388e-01,1.112363734832475082e+00,6.458976394397272225e-01,1.230238153967674553e+00,1.192974864804867918e+00
8.472497767974996874e-01,9.287846608026707473e-01,5.781005125171322367e-01,6.263964883646790938e-01,1.341485353839817485e+00
7.995410853096921455e-01,1.078262227422104758e+00,6.460418152493501154e-01,7.332057537536933456e-01,8.581054854875728166e-01
1.208554151080455163e+00,6.184489583958767689e-01,1.070803102307411825e+00,9.405293917220245437e-01,9.992159032940735042e-01
8.935524339235600966e-01,7.388434194541528832e-01,6.005066445581599410e-01,1.306257745894837008e+00,1.197347396060744140e+00
8.031905030936954404e-01,8.847366959987436053e-01,7.779252212049436732e-01,9.635574868467656762e-01,8.027261917877224207e-01
8.588194129398585286e-01,1.117456320672553183e+00,8.915541770108780240e-01,7.726422210032878324e-01,1.253483429403345673e+00
7.378986853182714079e-01,1.109226301914435941e+00,8.810495509521880653e-01,6.012620495236018492e-01,7.607457173367466741e-01
6.337000096789431325e-01,8.200901651334560061e-01,1.121271149345221652e+00,1.035989898929963404e+00,9.159106956264572164e-01
1.234887201432792292e+00,1.034325539192176402e+00,5.147231741154000284e-01,9.074601600805300983e-01,9.349986550109961048e-01
1.332306401059708101e+00,5.335423376652259631e-01,5.307062498966155228e-01,5.317176389797074743e-01,6.852689977134790444e-01
7.155167415731921166e-01,7.164303169904336910e-01,1.060295967289595964e+00,7.551552831158219181e-01,7.552773745379145476e-01
1.024683468797404018e+00,8.639120316996249382e-01,1.016202744895748245e+00,6.069935830623780504e-01,8.113600054855628629e-01
9.579291363618567257e-01,7.846361252131122122e-01,1.257669540941389164e+00,1.505128070110600014e+00,1.002556289761330488e+00
9.416147764615392379e-01,9.074717039665303187e-01,1.138387092583599491e+00,1.030386458618418821e+00,6.803233326485922383e-01
1.217612772765901630e+00,1.081103832420073241e+00,9.145931270523494083e-01,1.153342666798641947e+00,1.067584667465096171e+00
1.085884825139258547e+00,7.646096672046966969e-01,9.182036627720843169e-01,1.020585636868302837e+00,1.021860422991869521e+00
6.297846399710141929e-01,8.104383955791512051e-01,7.193204285840181234e-01,9.665773576031141401e-01,5.989047839439297638e-01
9.798755794365898719e-01,8.618258347866105673e-01,8.181449940040877999e-01,1.113715955912930600e+00,8.313637771626731787e-01
9.326361495862595108e-01,9.589461801727959811e-01,3.370349267580404207e-01,7.025880193123605899e-01,7.969746681776377351e-01
7.594707101479274414e-01,2.930431706922249080e-01,5.623821557894918000e-01,8.012625160828075188e-01,9.103457521251059337e-01
1.032062000275717040e+00,9.004648375161263818e-01,4.508209536401472373e-01,6.426470981152004880e-01,6.684533765454334642e-01
1.005373494554937519e+00,1.146744077489729952e+00,9.179892589310081341e-01,8.817600438076594882e-01,8.434065013558920132e-01
8.074118523909235012e-01,8.501305326581358734e-01,9.903646727671095995e-01,4.439224594675510449e-01,9.996304688328887522e-01
1.018015540462511304e+00,1.153796921493057903e+00,8.159575043052195165e-01,1.078362591035468165e+00,5.546275060141957480e-01
7.883441061110474379e-01,9.147540809348574387e-01,9.256993931574997170e-01,6.113177617943810205e-01,9.264700892682058431e-01
1.200107957456720165e+00,6.974364785740759798e-01,8.804693218947634570e-01,6.987670811010922023e-01,8.210817101572589483e-01
1.062365133745605261e+00,8.452202461893795205e-01,5.828361184624337721e-01,1.054252197097148347e+00,1.613198317446033370e+00
8.241678357669148802e-01,6.916996011283836898e-01,1.213194997617913495e+00,3.056794271209815617e-01,5.275382844018552397e-01
8.490549261387306812e-01,1.239992605931341085e+00,1.006789888902324348e+00,7.084376536152483528e-01,8.367287609195429576e-01
9.725013674112272799e-01,9.559029268534482426e-01,1.132104232196949667e+00,7.783792135511961030e-01,9.703237565462513592e-01
6.020607755097484581e-01,7.040017883568073787e-01,1.350220678267015861e+00,6.876906720266849904e-01,1.219503274860141318e+00
8.220547575427881171e-01,7.220771093325821788e-01,8.221319970509390895e-01,7.194385942261619649e-01,1.142137701288541418e+00
9.530747336803032654e-01,2.050730087331217588e-01,9.245569149252432783e-01,1.471104944574736617e+00,9.652396960287502603e-01
5.676234944209207489e-01,8.893353959709482393e-01,8.041806757216974910e-01,9.278445072228418411e-01,6.821119718572619117e-01
8.924461434019784756e-01,9.002696631922745274e-01,9.569536056315172123e-01,9.764529438113928039e-01,9.855830351685624935e-01
6.257431334661482936e-01,1.115773522944836227e+00,7.718614386991120568e-01,5.180149393986663853e-01,8.054933970334937632e-01
7.652804979884483272e-01,3.678946489337613368e-01,8.745147816222846870e-01,1.270274667619146758e+00,1.085142861571207096e+00
9.071903688514016961e-01,1.102378851464340226e+00,8.647005626849144644e-01,5.968001381128912319e-01,1.256764467927832030e+00
8.311962381643233089e-01,8.551354760701003199e-01,8.108666216893496426e-01,1.398713010667379963e+00,1.014141135561283269e+00
5.336330905940654956e-01,8.409817983949385845e-01,8.848474838534424736e-01,8.295071902389435925e-01,4.160724029155761783e-01
4.472337765707473656e-01,1.231591338630224630e+00,8.286658578429924038e-01,7.907998681924897078e-01,1.417806976881584857e+00
9.032539254346239055e-01,7.024701866779536896e-01,9.382875771370660090e-01,9.129602385348101201e-01,9.004206233953238048e-01
1.023605924454229044e+00,4.367060909944420755e-01,9.579703288792835725e-01,1.433054509373046237e+00,1.397217981729527825e+00
8.515966225606925732e-01,7.978067837638831428e-01,1.000236280331849636e+00,1.200751003073965206e+00,6.498311349782445179e-01
9.075865269190687146e-01,1.056048960062662578e+00,8.169147361086354087e-01,7.907135535413968297e-01,8.221476642319508477e-01
8.199029138786855242e-01,3.096845063415088473e-01,1.233520519190604237e+00,9.905797202987515204e-01,1.333080821062683219e+00
1.574700780241823139e+00,8.637636045944727670e-01,6.366495769866191701e-01,5.005095863557443847e-01,7.779600944490436820e-01
7.839612711879209161e-01,6.753940794977598694e-01,6.637312474172598620e-01,5.442858807495912776e-01,3.942326179732780767e-01
8.859414977417086057e-01,5.643198460214307044e-01,1.290455468049363619e+00,1.059779261849793208e+00,1.028636307638836511e+00
1.097099829170913310e+00,9.760686512623474309e-01,7.115128280918080472e-01,6.608856440143632271e-01,1.264096088726892386e+00
7.862422433995555071e-01,8.014279423098856769e-01,9.811396209873670671e-01,1.131215564310424693e+00,5.379994577999691607e-01
1.160343210172050332e+00,1.135547318299608754e+00,1.117139781895943429e+00,1.254609607049264719e+00,1.109646868414627452e+00
6.072252770290877955e-01,1.253554331786555842e+00,1.521648424977231295e+00,7.824033741301319456e-01,7.869203737774496110e-01
8.515043382361831004e-01,1.042758292554884170e+00,1.041653206797896969e+00,1.125879663113374507e+00,8.288779694843296797e-01
7.964011246969899815e-01,1.085872068450584038e+00,1.096174225793963508e+00,6.278829151218517923e-01,1.203166506483321019e+00
1.028709772792619104e+00,8.577158521134080615e-01,1.197758863545890229e+00,9.092309223239511962e-01,8.126925011101168161e-01
7.919073290868268167e-01,9.995450777913913454e-01,9.060992473825254523e-01,1.001093384244548634e+00,7.579265689622273205e-01
4.894975279363098508e-01,1.510667486804402604e-01,1.338397212451718277e+00,1.065042444047951536e-01,6.397520234880503809e-01
1.001695256044559112e+00,7.759760958736143799e-01,1.072100714174337499e+00,9.618920136979420832e-01,1.299575777496669193e+00
3.663879130835594466e-01,4.429819460561699174e-01,9.437134751288464019e-01,7.280702175890201300e-01,1.122436894439989397e+00
1.208931662231994997e+00,9.631601093964817784e-01,2.090685694046506005e-01,1.000859105931198645e+00,6.103897254811383455e-01
7.261369094506008315e-01,7.074739084168425451e-01,9.478116680294346175e-01,1.999699541404779790e+00,-3.528841796551889787e-01
4.597280486656848408e-01,6.768638080126098133e-01,1.032207950317488132e+00,7.937173893917556233e-01,2.352786138551787309e-01
9.750266503961128040e-01,1.591089470993548805e+00,6.307186098995100076e-01,4.306324764910660630e-01,7.974584312015161602e-01
9.491252730819368377e-01,8.533906756170311914e-01,2.744456397374675505e-01,6.691902826628312040e-01,1.072144073430228550e+00
8.800707699522331007e-01,8.747339204744355445e-01,8.437521282634213859e-01,6.952020216862753177e-01,9.445312124713226565e-01
9.758471830771783262e-01,6.056439474864412364e-01,6.383511035940643286e-01,7.358987371523503240e-01,1.403749736356863398e+00
2.749637591764423905e-01,6.363564247618926917e-01,1.043542803282907716e+00,7.929014320190801435e-01,1.002587606427510325e+00
1.037648041210534000e+00,1.455959292508546721e+00,1.105228706172173725e+00,6.044493700241483358e-01,-8.925524624371727889e-02
5.520907811635887841e-01,6.446473171824301795e-01,1.196607229427572250e+00,7.788287122601318391e-01,1.456580420909486362e+00
6.913045925507856904e-01,1.415479104223017259e+00,4.617403882604172449e-01,1.077369660617089053e+00,2.018136786895081691e-01
1.313208035840723209e+00,7.857351206021211398e-01,8.085944027135896217e-01,7.925944617310997087e-01,7.863238974437051221e-01
7.999985034592277389e-01,1.126028808683503524e+00,3.443780795397765604e-01,6.210724061342622893e-01,1.111726440024065177e+00
7.275846482534190640e-01,8.651596160201671104e-01,6.138291240497220080e-01,5.893575769303049938e-01,9.137942993158266747e-01
1.137252088514267401e+00,4.927688283722814200e-01,7.210382352093667180e-01,1.056234833670532502e+00,8.490581554130901543e-01
1.057676534852815653e+00,1.117961427623854753e+00,7.261746336698686743e-01,6.443922756292645992e-01,7.998978893806070189e-01
9.746096587669740297e-01,8.497423919899621536e-01,7.091124172882393717e-01,8.420806660508587393e-01,8.736061304641941083e-01
1.031611571433515673e+00,1.129542040515630008e+00,7.750543421110711595e-01,7.538700914023559463e-01,1.258200208356405447e+00
1.135671955347927087e+00,8.953340012962339722e-01,1.176881135695396541e+00,6.725397113289148798e-01,1.501918456216261966e+00
1.134874273680960943e+00,8.841120283294103821e-01,7.818764064848444661e-01,1.048243293144587973e+00,7.953298053196938833e-01
1.251961708138884077e+00,6.966989625295317845e-01,4.830448769420418453e-01,9.681116418844191163e-01,1.139298429812083180e+00
8.362384360989510990e-01,1.003196607805463492e+00,1.043381224848983102e+00,9.063152147024214900e-01,6.969851709670289441e-01
1.050066899237791729e+00,9.013595150397588629e-01,1.204323826049460644e+00,8.899768013580148240e-01,8.196715684936728419e-01
6.885789203911174550e-01,7.958593433346217161e-01,1.255151413344491207e+00,1.008750633327599955e+00,6.431321258619043801e-01
9.018692668841609139e-01,9.140205455076315655e-01,8.709659496990090899e-01,8.040934392124889918e-01,1.014166190207868468e+00
1.047963263685602220e+00,4.381881290313560107e-01,1.074096899908575597e+00,2.721150054439251953e-01,9.217552369591315298e-01
1.339562383792982647e+00,7.323408089295427859e-01,7.833913223318602626e-01,1.214010762338171734e+00,1.021176240324889184e+00
4.141658302901300992e-01,9.725206097483556356e-01,7.066533840775724995e-01,9.748229578232697756e-01,9.195979879584929018e-01
1.029278294227720325e+00,1.053066098850623300e+00,8.022107632855650650e-01,7.624903974790901984e-01,8.870427224054907578e-01
1.767293827450167609e-01,1.954344534339455208e+00,6.465506750327858487e-01,7.615967620746868505e-01,-3.046873374766354003e-01
8.485840896203192818e-01,9.171984430035410307e-01,8.398034428324938627e-01,1.022463299184479757e+00,8.289660473511087924e-01
8.267004671968087859e-01,1.065888641820382121e+00,9.149026302838535463e-01,7.087819609411211141e-01,9.326341080333201417e-01
9.035888508028586674e-01,1.085283573015134451e+00,8.913210190810088029e-01,9.489871101940390297e-01,6.931145973728677356e-01
1.317908250620479782e+00,8.396873693358806179e-01,3.695969108165207961e-01,1.559391386899669385e+00,5.016779991083838430e-01
6.963455369602695733e-01,4.926725315697610963e-01,8.846844951732655282e-01,8.726967776613427930e-01,9.372930030322329520e-01
8.076935967302709685e-01,8.414135372646772693e-01,5.960322006496024949e-01,5.353279887727346864e-01,5.963030604730860107e-01
1.098865477241180999e+00,8.957388806486547006e-01,6.679555629672014883e-01,5.093743596150661357e-02,6.823111854151386879e-01
5.232942403638588535e-01,1.408460119583172965e+00,9.223945963634176959e-01,1.013412497842311799e+00,5.790592162333741966e-01
9.871195926745512939e-01,1.196646758016106871e+00,1.053924833729065424e+00,3.591928890377594219e-01,7.992893595170970089e-01
1.153053639703554012e+00,1.004026296317881206e+00,4.878128507582861761e-01,7.010312774719836826e-01,2.338537503974466303e-01
6.471711095405718872e-01,7.222686146307045751e-01,2.567453453109101447e-01,5.103994707199275283e-01,2.391915579192036290e-01
9.967741960609161067e-01,1.136049300029708720e+00,9.663591648790462729e-01,8.315263629200384532e-01,7.893648355804763206e-01
8.047441511245039258e-01,1.141701481111625727e+00,1.113185263223848809e+00,1.224937857448010758e+00,5.199840113549378806e-01
1.231031272157556256e+00,9.207191035713225835e-01,1.231960994788156460e+00,7.696876142391315678e-01,2.324564340480091418e-01
1.086163173000701310e+00,1.080137382704255744e+00,5.588080191562242449e-01,1.069847557797628079e+00,1.032112632853782408e+00
7.082677820562299775e-01,7.822191273714278470e-01,5.556789957867563912e-01,1.367106071623658270e+00,1.526561069839829310e+00
7.146557644369880835e-01,4.797749114853953611e-01,9.187774614208789048e-01,8.824812518642759507e-01,1.278123018985397596e+00
8.308601059622008345e-01,8.736041697537276773e-01,9.353839423029530753e-01,8.536105247171782429e-01,1.097558104061994610e+00
1.132036059892346680e+00,9.842331015817408213e-01,1.072768296987415937e+00,1.058057078220431491e+00,5.773958701230225143e-01
1.128432989872329983e+00,1.024334443916890880e+00,8.768950154260788388e-01,1.052095138448861711e+00,1.033330712751194591e+00
1.365843595291613255e+00,8.777120183834776768e-01,7.379656628889896819e-02,1.256328076954297712e+00,3.057716402513718235e-01
5.397333514829802947e-01,1.031216068274100506e+00,9.435152533891146831e-01,1.000362325691502630e+00,8.999247813968265230e-01
1.210196357562349084e-01,1.560414567444232015e+00,6.000786859252954519e-01,1.429799682479703016e+00,7.156215216726258266e-01
4.901244367333931207e-01,4.735256513495655906e-01,8.260472810517743847e-01,1.406960581315938041e+00,-1.055706644413501039e-01
1.018023758159779524e+00,1.149103140733698014e+00,7.516713060089003084e-01,7.380962222029405773e-01,6.968166981351849865e-01
1.461619969927722140e+00,6.241247450681740583e-01,8.048901013586098330e-01,1.703612323137980722e+00,3.219789824700085012e-01
7.959242705418353436e-01,8.318432260714788695e-01,7.367631615172401949e-01,4.540673369511645241e-01,8.549550212262505555e-01
6.527791530357280880e-01,3.957655430549906206e-01,5.967899035482635561e-01,4.691731421688147829e-01,9.431504237420561543e-01
7.776865946202946578e-01,7.276019281209594736e-01,9.327761316744087594e-01,8.113096618639779045e-01,2.808840594390724643e-01
7.284243802420254932e-01,5.819868538539554326e-01,7.025394857907248936e-01,1.061845154236586986e+00,7.016038850055847931e-01
9.205628139589879799e-01,1.133116140901980762e+00,1.128207661017787800e+00,9.721893233119351940e-01,1.068640360827486813e+00
8.167551844881362211e-01,9.060823671424811376e-01,1.203617188961751738e+00,8.920594899536888889e-01,1.001977226595279991e+00
6.711412374617581333e-01,1.246921162190554933e+00,8.223091399665866108e-01,7.075887467053728619e-01,8.631950736982945127e-01
8.011794621321134402e-01,3.637070923008795531e-01,9.672712777189217404e-01,8.234250771357225496e-01,1.283554372572357494e+00
7.850718440379623742e-01,6.416774699813451166e-01,6.243228175317273587e-01,9.077703839315641732e-01,8.434198287186871479e-01
7.312521404941787484e-01,8.017385588309774436e-01,9.667310668630720860e-01,8.202190662919838227e-01,7.053876205417104472e-01
1.078213398341601570e+00,6.393872448627000438e-01,7.893439214740205490e-01,8.679060931297193360e-01,3.330997439881362987e-01
8.923569797114739854e-01,1.115001522694143210e+00,7.696322713356436029e-01,9.528885588931493844e-01,5.707409065179372964e-01
6.671594020026662131e-01,9.873418070129650337e-01,1.618171398607424871e+00,5.511038505521432818e-01,7.375741176148069567e-01
5.444998363661812668e-01,2.087561064866229332e-01,1.467388993842678069e+00,7.742100720802574942e-01,1.515524291051511874e+00
3.999283097312706925e-01,1.073727689754741865e+00,4.060022877933120444e-01,8.555175796899135987e-01,5.442966866318306174e-01
8.823583856125692959e-01,-8.881036762075421587e-01,1.795120673608671780e+00,9.398445214191759600e-01,6.511807947288061893e-01
1.027508248152068759e+00,1.247859592802550210e+00,9.673323173865709945e-01,1.052818584327824158e+00,7.588154923076944058e-01
7.844756548767016779e-01,1.395720021823853907e+00,8.658446404605022462e-01,8.809113014923968255e-01,7.108610643562509601e-01
8.665431617796865993e-01,7.359265956532582420e-01,7.426358504358289148e-01,6.331946196673347016e-01,9.195894511661267812e-01
5.631060449719392791e-01,8.048007920676794047e-01,2.529268062500183434e-01,8.218415838812561658e-01,7.044338493082820118e-01
8.357136071382652576e-01,7.338418865438494088e-01,9.354529109241768170e-01,5.735962015637869893e-01,8.261119136328904933e-01
3.201555603384538262e-01,1.112370809890310897e+00,8.909541624307131258e-01,7.293600642819451085e-01,1.002464116917476389e+00
8.736063763532877502e-01,8.580522822143084039e-01,9.187754148681606114e-01,9.118173702820242532e-01,1.136616632050671427e+00
9.666412572588034546e-01,3.996590537444731361e-01,1.647627077206725632e+00,9.646923671228659902e-01,1.045898818702706290e+00
1.166721823565210592e+00,6.765883694688412664e-01,5.101654111948445980e-01,-2.694405842229401493e-01,7.514774894852048748e-01
9.855268511456454217e-01,1.044649864046101939e+00,1.112874259969730995e+00,8.412929729616156482e-01,1.206648850332187273e+00
9.444145851196928954e-01,9.728898212891234909e-01,1.237172116645088638e+00,8.951637704794624950e-01,1.168791873140277104e+00
1.166553176186712282e+00,8.776215796528826774e-01,1.018948630432561897e+00,1.035244590134772880e+00,8.342876966081440582e-01
8.061440849761423166e-01,4.331915346974554160e-01,8.669548684042711617e-01,7.774786168335283687e-01,1.142887094357968980e+00
6.780973508767732527e-01,9.642900547840933534e-01,8.511618312234813244e-01,8.536648586968995644e-01,1.147003970556151886e+00
1.048146564010903559e+00,2.633175734013863956e-01,1.527284298190303646e+00,1.148701063305783698e+00,7.006818183877008277e-01
1.033580883625936142e+00,7.327496872554909446e-01,1.019815449097433824e+00,9.300511280421546179e-01,1.073766009189895287e+00
9.770710086522477189e-01,9.821805123578890573e-01,7.767294304401574090e-01,7.242301119477224658e-01,8.622404357598182356e-01
1.128947369792758559e+00,4.079785014079084227e-01,1.089645605687632024e+00,7.778206588375056185e-01,1.024252914564608652e+00
1.052981664286253061e+00,1.063657691173811370e+00,1.024735540901826614e+00,9.177098796156183402e-01,9.684124627005356034e-01
1.044902940762149512e+00,6.154343672163045120e-01,5.635081546345797054e-01,1.151812728840656996e+00,1.046932224319515381e+00
7.765804651409348169e-01,6.340144860748500033e-01,9.506390564001930832e-01,7.734064640142682689e-01,9.675356844218140351e-01
7.084466033522531792e-01,1.100841226102325932e+00,8.114350642534975400e-01,9.435706487275755672e-01,9.324774208116262120e-01
7.958512058821569646e-01,9.649290098713629860e-01,6.563574342942449791e-01,1.251321718291119378e+00,1.089579732203852958e+00
8.051202666522299101e-01,8.802628336136092413e-01,1.065967349523020635e+00,8.558314676497618123e-01,7.235292493331263453e-01
9.775694019454108652e-01,7.735806357851829906e-01,8.074218586176039603e-01,8.054472703749421258e-01,9.629784937782116527e-01
1.028653453686498631e+00,6.417982983140592124e-01,1.098331709131482592e+00,9.690039114100246209e-01,6.812382999374306802e-01
6.889894971391793410e-01,1.172583885679061355e+00,1.000901282087040878e+00,7.481390924832518330e-01,9.556074138233306980e-01
1.004701901705121747e+00,1.043261970554020257e+00,1.120861318870821188e+00,9.963238146504773685e-01,9.088082014115413942e-01
5.913997380718475361e-01,1.033278918822289727e+00,9.130146991706771242e-01,2.478972859263152972e-01,1.226001740189444300e+00
9.449722500612691700e-01,5.251483644781809179e-01,7.775833761045322090e-01,6.532218173723975951e-01,6.821640588975628194e-01
6.729714028902249456e-01,1.271553250261813428e+00,1.556291578573923529e+00,8.957768630659064257e-01,4.330510160098267614e-01
8.172400938885768795e-01,-2.266798060552478039e-02,1.152022481201534720e+00,7.806680929263483115e-01,1.517080625918071357e+00
9.299401064722420118e-01,1.011386833347529546e+00,9.131377016477572051e-01,8.816353240992749196e-01,7.216945376018197855e-01
8.240747400284672564e-01,8.486306783796768727e-01,4.821017195519066156e-01,1.071153886453949822e+00,7.327076788630082493e-01
9.209180831164983649e-01,6.024687816551275166e-01,1.196675024727919201e+00,7.737133471857264855e-01,1.178827430231679019e+00
7.665078968871570364e-01,4.302139804558011704e-01,1.041337126000757118e+00,4.408172268009682981e-01,1.138590040377143620e+00
8.851538239579418432e-01,7.397054501969391183e-01,8.346643931829796914e-01,8.420371262842175630e-01,1.017846287915660008e+00
8.290035188204952776e-01,5.490838232808793462e-01,1.286327146382888253e+00,1.088507866716452943e+00,9.582195439554039851e-01
8.622836037220159566e-01,6.326466543127713393e-01,6.443031862916737129e-01,6.020257325297505568e-01,7.996947711064354980e-01
8.896892357342245372e-01,8.236756017595241453e-01,8.201309287309512808e-01,8.353356835274725611e-01,6.944577112859010581e-01
1.086149747042931768e+00,6.664761153140312810e-01,8.298295134196482792e-01,8.455363304133169944e-01,8.232518767635403911e-01
1.155665164941586331e+00,8.317356531325951208e-01,1.201945318665246676e+00,1.048114309146507939e+00,1.096754050580474704e+00
6.757851778347160332e-01,4.898225317696393022e-01,3.983670327219699381e-01,7.270299273639431181e-01,8.834637088881327482e-01
1.143125030162595701e+00,1.501598696504280461e+00,1.073667513197906320e+00,6.073353314437389683e-01,2.808111102068924225e-01
7.155291840185566965e-01,1.045990562486245112e+00,6.822335906310430520e-01,1.165220357659394690e+00,8.817288198575081726e-01
1.136068984194646969e+00,1.271354890003041804e+00,9.705001495414165014e-01,8.617257175002394076e-01,7.857461246944825728e-01
1.031827891017926824e+00,8.243298301244749160e-01,9.628867053365937068e-01,1.076267912496705170e+00,1.420913852297088109e+00
5.671846878303493655e-01,1.382953986381510791e+00,7.234386923871195529e-01,1.096096845238079709e+00,1.392695217641336747e+00
8.462401760378097659e-01,7.193627674670783900e-01,9.159763385601653596e-01,8.052827996602650584e-01,8.972175406705832357e-01
5.333422335065831632e-01,4.720445714264979165e-01,1.158195422093844629e+00,7.050628749712463117e-01,1.182107293623634314e+00
1.022367288466816015e+00,9.934673564477869423e-01,9.023489086580324114e-01,9.981827268233661732e-01,8.214669035489857718e-01
1.040043566422214738e+00,8.255383709577547302e-01,9.469247787688824802e-01,9.325300344045802658e-01,9.135669662190920581e-01
9.044665408187940736e-01,9.443653608216804329e-01,1.050308658289444752e+00,1.123280060912868583e+00,9.112890189448559219e-01
1.136951651031661958e+00,7.889732859292457601e-01,5.554928993258808623e-01,1.008070675535897465e+00,9.994868020364496841e-01
4.192752758576346328e-01,1.197249811800024322e+00,5.935050187683492684e-01,4.607070143393322548e-01,9.567728688348934307e-01
6.683791786517924161e-01,9.749815084966371170e-01,7.430578474791333932e-01,7.591374542803082104e-01,7.841397143881204679e-01
6.947120629509839773e-01,9.075225410285812089e-01,4.252055383014540779e-01,5.259140261130487159e-01,8.000712823751868763e-01
8.244351841429296002e-01,9.661093620831660012e-01,7.179423798942488055e-01,7.553157402239101259e-01,7.216365312383946629e-01
5.213650267424345675e-01,2.895339815566059793e-01,1.331493730199492687e+00,1.360305709593856438e+00,1.583443353311158708e+00
1.001142558669418481e+00,7.836789698650394875e-01,1.287736205178636739e+00,1.134334317755532284e+00,1.086246068684183941e+00
6.131726299207834741e-01,1.044645151857547694e+00,8.376748972673824234e-01,6.611592800115940749e-01,9.734964652137494401e-01
3.463458525129933241e-01,1.723172567682406342e+00,8.697712908113109931e-01,6.440867077219979420e-01,7.969368225457068577e-01
5.078168043176339852e-01,1.078772568292254430e+00,6.275715873929866850e-01,1.052041389441291663e+00,5.876337746947039031e-01
1.178358518713261915e+00,3.480980108318878496e-01,2.559614791633807229e+00,5.130709895489952155e-01,2.204044473979035468e-01
8.739673424783798161e-01,5.224993193262322810e-01,4.793843808635064874e-01,3.096613138384315400e-01,1.009237443250165178e+00
8.189835117779373785e-01,-1.144793934481559833e-01,8.328487220321416640e-01,8.174588394305027927e-01,1.273278579803239774e+00
8.069103941391371215e-01,1.266739525056696625e+00,6.172404613376516469e-01,6.669234931361589513e-01,4.868944093619977376e-01
8.912574218630175960e-01,8.737406577032809096e-01,6.605437243312654028e-01,9.562287654968320005e-01,8.375652145778497148e-01
7.413705077471958171e-01,1.046404657458577470e+00,6.107026816642858735e-01,8.843161558046688242e-01,1.284051145463562582e+00
7.114254834525151061e-01,6.584682476468459722e-01,1.321688347915774164e+00,5.717945911752310151e-01,7.345907959807613796e-01
9.879849915974991958e-01,1.095886379049401560e+00,8.829930782709467518e-01,8.998974669614666633e-01,7.839804664444460780e-01
7.319154036916409867e-01,8.754031778294225630e-01,8.661610176866073596e-01,8.652528697210478681e-01,8.605201121202400438e-01
1.021240904211254907e+00,6.408267136540106712e-01,9.746092085668710547e-01,9.388984002838310916e-01,1.354563376702258903e+00
8.848691048992081143e-01,8.438187615482661830e-01,5.090968107147880728e-01,1.149695396550331594e+00,8.842188405963341546e-01
7.082633578310459921e-01,6.343652041770916350e-01,8.898075122308847229e-01,7.427600870395928423e-01,1.054739825545262910e+00
7.837909658124304624e-01,1.047136257347419885e+00,8.558861608917607278e-01,1.113964689474830072e+00,6.389065577660535400e-01
5.884065012535509842e-01,4.896987225633168683e-01,1.064276306728636712e+00,1.558098561386865200e+00,9.267986302178266023e-01
7.174213585219140210e-01,9.006738108417106092e-01,1.050034642903285409e+00,9.686408633883667463e-01,7.653205708557854203e-01
8.987287804503908406e-01,6.708025694100678837e-01,9.985444476810025893e-01,1.403849848228370556e+00,8.508591655693379385e-01
1.128789967106281988e+00,1.361895203221428652e+00,6.366409780690551745e-01,8.875230849022570645e-01,7.174343015404159862e-01
3.900377642965386360e-01,1.113031802006989590e+00,1.061241334876074083e+00,1.030357778029272087e+00,1.175205833838875558e+00
6.864667245988080868e-01,5.984930547090417940e-01,1.104613185508763751e+00,8.081225816872096290e-01,1.027146395511479904e+00
1.297015325031933397e+00,9.809262719449479695e-01,6.419442321178816524e-01,9.772795959568637558e-01,5.524920657911657207e-01
7.854006719134291048e-01,4.347901869259629959e-01,1.308340258210991758e+00,8.754453270312874125e-01,1.611661026739253932e+00
1.000612180886570890e+00,1.097496008178012517e+00,1.090799610860470059e+00,9.900106232550530683e-01,9.509799773849038074e-01
9.981959753403225610e-01,1.117594299574982131e+00,8.645363134375457781e-01,7.238712167890556382e-01,7.910856135899718700e-01
1.072590181282873090e+00,1.651816555286100607e+00,4.471682778388939572e-01,-2.100928253753867603e-01,5.366161380479340659e-01
8.698245396497442661e-01,1.116966169398686981e+00,9.531549180267284704e-01,9.687088064236355489e-01,6.758960245290668301e-01
6.407125810602498639e-01,1.766520508849259041e+00,1.097031290499201228e+00,-4.561994943669276381e-01,1.110066708755045095e+00
9.200432434463747811e-01,6.064718862948109690e-01,1.362635005289271506e+00,1.061609577467241383e+00,8.718956726030906434e-01
9.634473387968806035e-01,8.178664186716902984e-01,8.364536693810061818e-01,7.643896874164145538e-01,9.147921308282359609e-01
1.082670473171255088e+00,9.454876723057050736e-01,4.265185817663068035e-01,9.031223757784001549e-01,9.389544022152210845e-01
8.583686460954007558e-01,1.190985348305513059e+00,8.078298434706879805e-01,7.162669943378159321e-01,8.608060492712256151e-01
1.025511819859975970e+00,7.133900480416696110e-01,4.149711396476953307e-01,5.578862160536808279e-01,8.016659677280528751e-01
1.098248893066172460e+00,3.723671104665097764e-01,1.043237868714482097e+00,9.419260015380197526e-01,6.418080705668957053e-01
8.713080429094031132e-01,7.009450960870874381e-01,8.849229747621385478e-01,9.531491572547852176e-01,9.025144975233804212e-01
1.199388931904019406e+00,1.512371398290967284e-01,9.770393148555576168e-01,1.292472392916420798e+00,8.239229159299354954e-01
5.009458341594170694e-01,8.004713787283807003e-01,7.221255612251331613e-01,4.936456329745748661e-01,9.948514884958181703e-01
9.536954453967481093e-01,1.285658842095335874e+00,6.646729454367599210e-01,6.530404311078268353e-01,6.636209952540100820e-01
1.265443724415441951e+00,7.666253746957616411e-01,8.949231999064977128e-01,9.393388693873979678e-01,1.217514460999752135e+00
7.884993413492348280e-01,9.751846918779707440e-01,1.141769324360056848e+00,5.136916911785697204e-01,9.994372281243275591e-01
2.667998541563487702e-01,8.574788921102993733e-01,7.643744719330496373e-01,8.341562844130238075e-01,5.917762344238349792e-01
1.234162770751307869e+00,7.192803023927990536e-01,1.045390965594756860e+00,8.518829689429660013e-01,1.255216969828686135e+00
9.610634447532283575e-01,9.679082233203374352e-01,4.839662536924368430e-01,1.108634091151691869e+00,2.355295545458488959e-01
1.084131007463119412e+00,1.604027120014981600e+00,9.209839547158701345e-01,5.724156436725400532e-01,6.054807646819140299e-01
1.103229920365110583e+00,8.208492973483255684e-01,8.444679909352961200e-01,1.045039738304476495e+00,9.988392613710684875e-01
8.533762828353186336e-01,6.897706511187277068e-01,6.882048473373050257e-01,9.335027525153932748e-01,1.111266823058658426e+00
9.163504599844243259e-01,9.588521799449625238e-01,7.980322809262357930e-01,9.039916224266030254e-01,7.946360870672228849e-01
9.347986335503901678e-01,8.991998292981190355e-01,6.171466804811424067e-01,8.151219651767952490e-01,8.237938676587759357e-01
7.729000242703523149e-01,8.481997205699620679e-01,1.095490065697179327e+00,8.559371948333709401e-01,6.380789231724011135e-01
4.883194881298694723e-01,1.006236066319999845e+00,9.823122468764203807e-01,8.415362161563890719e-01,9.643001758807225876e-01
7.897435757330675266e-01,9.741147734442818784e-01,1.022107362621748505e+00,1.350649717643955583e+00,7.904717201947850658e-01
2.640531688294892043e-01,6.557779635937243112e-01,2.009395245426673707e-02,4.717658450543908977e-01,1.149106170583650832e-01
1.155634517733228339e+00,1.375904946501356862e+00,6.228276062267348312e-01,5.672245807379678872e-01,1.188735429998220683e+00
9.432675276554427501e-01,1.238778210583491912e+00,5.087872767480728919e-01,8.467362524882193764e-01,8.211293833053100455e-01
9.136025232553750541e-01,1.357327372447912683e+00,8.446041390446896724e-01,8.198537096457451101e-01,8.049600562804506421e-01
7.456836390671830461e-01,1.045780898635946699e+00,6.148048746814428478e-01,1.011482116519910601e+00,7.865437695636130488e-01
1.083686592671236459e+00,6.214433446036587982e-01,7.353171621622919263e-01,1.036078347114308462e+00,9.886953069926346371e-01
7.805224564848165514e-01,7.431984573188611387e-01,6.895503201574713081e-01,7.274396800901338223e-01,7.941971764084488905e-01
7.277052456838655203e-01,1.020243996373243922e+00,5.165671520312890008e-01,7.201194062493687653e-01,4.846225506424799989e-01
1.008844572318359445e+00,6.824045192038281638e-01,1.156265342236253879e+00,9.227385337935227749e-01,9.831878584290999479e-01
1.140998756523337931e+00,1.000234703944112624e+00,6.688997300869873319e-01,7.871370676321157722e-01,6.815136952543083826e-01
8.928076843911738614e-01,7.079899477594273627e-01,1.245145977394792824e+00,1.265641257976501954e+00,1.319318203730363681e+00
8.826610313654200679e-01,8.354587220700177008e-01,8.916409296823610831e-01,8.925611195034031109e-01,1.075429670501270696e+00
9.748095028629600867e-01,8.852479994945389175e-01,7.269825411329374765e-01,7.186517495565838409e-01,4.497327991360993149e-01
7.769208890109901011e-01,6.665248023145752265e-01,9.996682099846542213e-01,6.478259593215719425e-01,1.085687562658241623e+00
1.180143138211912746e+00,7.687576963745719194e-01,9.308543668224017464e-01,1.045549324228767007e+00,1.450293804440789369e+00
7.444229742629939750e-01,8.780224855058217370e-01,5.964933461344480436e-01,7.489871259364054845e-01,1.200153885175185620e+00
8.684546616345754089e-01,3.466329726979427983e-01,1.451240835191241363e+00,7.303024692294767251e-01,1.006026085785812763e+00
1.328740080239481758e+00,8.161509342615299589e-01,5.930861454660790733e-01,1.174746121697184176e+00,1.195524870179592636e+00
1.067435212082329166e+00,8.342230756123000246e-01,1.020357381245185158e+00,8.625616912992416507e-01,9.755099400294821033e-01
6.305848414871314533e-01,5.679035401427581231e-01,2.470222925044395224e-01,3.721998402023719565e-01,1.017655477443229373e+00
1.094179170209795160e+00,1.303010877305980530e+00,9.970840027741941780e-01,8.932223135965390304e-01,8.617309216557182960e-01
6.879115297935370910e-01,7.763382982335080840e-01,1.016374518457359377e+00,1.063412930990718985e+00,7.714716028142011295e-01
9.880802212306415422e-01,6.697024218984912736e-01,9.682758337228719592e-01,7.161917370619793610e-01,1.069932036375189854e+00
8.370376078111800844e-01,1.231912217437761470e+00,8.473984341182769775e-01,7.498520686753662456e-01,8.963429418620313394e-01
9.901876585906087547e-01,4.533193859707017048e-01,8.235510081270003280e-01,1.185100486021135824e+00,1.127240209557353490e+00
3.170041997258187805e-01,1.013541635334085367e+00,1.177135866778951545e+00,1.135674802283015872e+00,8.446625724588430195e-02
6.845495890596324795e-01,7.564832268543882909e-01,7.530556078106034334e-01,9.599473612165919656e-01,1.052442543546237674e+00
7.990507266204088799e-01,1.037843731207906961e+00,7.432821540281292494e-01,8.874485646888747858e-01,6.281280845096647303e-01
7.719059588551266948e-01,5.050978834196755418e-01,9.332507506558599397e-01,8.594274927740154224e-01,1.164011176305538076e+00
9.411527863384197001e-01,1.178617067769455629e+00,6.978968490500466748e-01,9.847489513228456781e-01,5.212740452011170866e-01
9.198621148964469807e-01,5.622066610897364924e-01,1.347256843249031277e+00,9.393201900570532503e-01,9.415825664281769480e-01
8.380138828816503516e-01,7.960634992577213520e-01,9.562232609815612960e-01,1.197047139624175749e+00,5.689885331447273042e-01
9.897795438848239202e-01,7.988453962083139626e-01,8.679755506913134910e-01,9.595266782947733386e-01,9.400850123466493180e-01
1.011487407265591942e+00,6.889087247443677064e-01,7.611655173273222941e-01,8.774917611067639678e-01,1.209221350608721490e+00
9.526643782405226357e-01,1.095647037480453445e+00,8.439647927301694441e-01,7.926465312432889876e-01,9.672329754940702795e-01
9.544348872464317735e-01,1.121230532271078273e+00,1.067482730564552673e+00,1.062786460419272050e+00,9.833527594582279763e-01
8.495697983231392802e-01,4.249406635633513063e-01,7.364119964331323764e-01,4.936719356724090790e-01,1.052401566186149662e+00
8.263534350128339812e-01,1.165980616387886748e+00,4.257386911570819055e-01,9.095264052203827498e-01,6.274152366248004764e-01
7.478465751313493337e-01,9.817832343643676518e-01,1.011181058274026157e+00,9.252777211306664196e-01,8.261217421955727724e-01
7.612464363288644620e-01,8.603999409758366079e-01,5.146017171724125427e-01,7.245485628931565003e-01,8.644736151015295356e-01
5.941122990950424843e-01,4.369128590664178580e-01,6.253640031557122780e-01,6.747006706430462852e-01,1.608476360736053046e+00
1.092714572253169703e+00,1.022966682360543444e+00,8.185308203532380977e-01,9.554569809725308449e-01,1.027637762118023490e+00
6.890600554170676073e-01,6.664613333940989648e-01,1.332208271081023909e+00,9.705963098930309174e-01,8.438377134474964736e-01
7.020734237433617908e-01,5.245868863600755549e-01,1.014304372634019291e+00,7.466937334346922528e-01,1.604667452277900752e+00
7.998964887787645139e-01,6.906688779694288849e-01,1.336501580574931403e+00,6.788332848563594091e-01,1.396067692859981779e+00
-1.124951965237278029e-02,7.200888466514616670e-01,9.639209367577356025e-01,6.461087739980021505e-01,9.719488213100520024e-01
8.995819004184796297e-01,1.073011968352175716e+00,7.568348927781609614e-01,9.200659059609336277e-01,7.316145378408654976e-01
1.180454770503719608e+00,1.124859458476022755e+00,1.146573810588463971e+00,5.730450799643195259e-01,3.821251739072942244e-01
6.051215957977065241e-01,1.030604867803420310e+00,7.377486500563661398e-01,8.173250083957613876e-01,7.324813540554607760e-01
7.722421276895352626e-01,7.477065035548767780e-01,9.497775166755924037e-01,1.105612895159539422e+00,9.910221322270529321e-01
8.287121220321470583e-01,7.144625844231834444e-01,1.403455499464289602e+00,1.409618119467793029e+00,1.367720462674879345e+00
1.072803235448696046e+00,9.629606229925133931e-01,1.179262499173990397e+00,7.072977376887031042e-02,1.182312417287699757e+00
9.802558826556171390e-01,1.066555921599710910e+00,8.922930160504356500e-01,9.291010285701771787e-01,1.013954479735545311e+00
1.366339062060597076e+00,9.487894838726359525e-01,1.080783303609119894e+00,1.222045867922356033e+00,7.683625805779038531e-01
7.106221589068189015e-01,1.102370761524896547e+00,5.485343854780756478e-01,7.999164020341186232e-01,8.109591997475922298e-01
1.077413663553850043e+00,6.785280734476361042e-01,5.703873470147781122e-01,1.073808692027460543e+00,9.033843131975259899e-01
1.187375088346803942e+00,4.499945353755025468e-01,1.342272870842321053e+00,6.921879914894351060e-01,9.626819042453519382e-01
1.086859822425480182e+00,9.737072762454395125e-01,6.461520174068506872e-01,9.337924442262033331e-01,7.362613392144031765e-01
1.298152075193189647e+00,1.176312725505986867e+00,-4.177273949351732740e-02,7.086763243838868354e-01,9.666092252096896154e-01
1.105550623658603682e+00,2.594130055509969446e-01,1.220678168099017524e+00,8.736455589080378559e-01,8.777795351073649499e-01
1.306422842015485974e+00,1.447062449353151870e+00,2.804337026266365829e-01,-4.742011961895071237e-01,1.330199924641806364e+00
9.509518787707920140e-01,7.251292019042001602e-01,5.094743099118185237e-01,5.706967493580813455e-01,4.138987556869849760e-01
8.327643162732378812e-01,8.898952152244186120e-01,9.511357485471297890e-01,8.167641731438005648e-01,1.259550893093222212e+00
1.046529728427795458e+00,9.615450774754966679e-01,1.182318510797440769e+00,8.124807197556630500e-01,4.744720711531843493e-01
8.192550657561816774e-01,5.108680822877570415e-01,5.465477415981668807e-01,8.675634339448189403e-01,1.081453172815660446e+00
6.152181070480244873e-01,2.761226164056262977e-01,6.946337897968823949e-01,8.212614026222028185e-01,1.076569166420215051e+00
2.665221064257855543e-01,-1.670787101351696169e-01,9.240941521693540883e-01,4.227509723231447913e-01,9.368215865424371902e-01
8.775204101144165048e-01,9.194139552012068339e-01,9.806687430797916827e-01,1.123931716345780041e+00,9.093858504053767833e-01
4.950020404020816778e-01,1.220190424261053952e+00,5.028028867025121640e-01,7.673036205633602114e-01,4.061634036755007449e-01
8.269524596412741735e-01,9.611888838003981306e-01,1.047930202173450454e+00,9.753397692275150854e-01,7.862651451590277896e-01
1.024071502055109217e+00,7.833944037066512545e-01,8.893068392051757254e-01,9.748517748189293730e-01,5.111987954524366273e-01
4.908349431699791654e-01,9.333587883087407500e-01,9.380409133558595958e-01,8.283945723518192361e-01,6.445857523031118808e-01
9.163900336471763053e-01,8.548072581727540475e-01,6.676691800883265415e-01,1.021029749285335075e+00,8.955393632316271946e-01
9.284841820586882122e-01,1.142529694942366669e+00,1.106830545307843972e+00,1.198384629122783984e+00,1.128862229896778979e+00
5.635803341043035264e-01,7.715177248634222940e-01,7.574150109763713168e-01,9.333201653837270850e-01,1.205554508062802066e+00
-3.211332113239708796e-01,7.044165623601876813e-01,4.846052753472749330e-01,2.810223173618101589e-01,1.527700892707790192e+00
1.340610433453596206e+00,8.677699266174256909e-01,7.703639696294419803e-01,5.115416758467102865e-01,1.140536861636048727e+00
1.370127512515197044e+00,8.922160759608442904e-01,9.571246093544799605e-01,9.696150825097524795e-01,8.522858406428145406e-01
9.690675830530708357e-01,9.608331818521033130e-01,8.075344618210479331e-01,9.625175752901469206e-01,1.058362782462487495e+00
1.287640686591220884e+00,9.645965559074710649e-01,7.271267003477924762e-01,7.923050598411837120e-01,7.991396023519496961e-01
1.005519079965748519e+00,1.278726724598299613e+00,1.070225292063611944e+00,7.637126980854797020e-01,4.561937107007068559e-01
1.138244741464391474e+00,8.522976251722150787e-01,1.019259577319229004e+00,9.358183392617995811e-01,1.237455490724814977e+00
7.666527105287944677e-01,8.379068423441727864e-01,9.573350873050279208e-01,9.598228492304738957e-01,1.041050414537192159e+00
9.901354514807437779e-01,8.836039984144747894e-01,8.422123009089393930e-01,8.550505605007130416e-01,8.725032391040049573e-01
9.964823244312197570e-01,9.795341094634542056e-01,1.112587622772726270e+00,1.009601138665594311e+00,7.995965265114123310e-01
1.047672429819691553e+00,9.298357080776107342e-01,8.376915217944905789e-01,1.272222255422554626e+00,1.050065917680296224e+00
5.811046647341203686e-01,8.344370009480795991e-01,1.010331628432252327e+00,4.464371619886205456e-01,1.013850645521807925e+00
3.690415454830659470e-01,8.144709821237798852e-01,9.386582615240951499e-01,5.758992837653558183e-01,1.301761579661368406e+00
8.242290875846890463e-01,7.054250919175761858e-01,1.219986298757686827e+00,1.128905160982079936e+00,7.038566467484522748e-01
1.130975808950171801e+00,9.317076366175982560e-01,1.000150022488632828e+00,4.081348015399995921e-01,8.776017527622067549e-01
8.938616180575030823e-01,8.761194810776461450e-01,6.570654775118806024e-01,1.133668740817599385e+00,8.748943560048436652e-01
1.038641449061052047e+00,6.711364671943335081e-01,9.089600051192656682e-01,1.448107775316453516e+00,1.094987797879190428e+00
1.066591235338135046e+00,6.616411940761439681e-01,7.022734517975572910e-01,9.768954529452308355e-01,1.137037051435069168e+00
1.057690849125022980e+00,1.265775439440102845e+00,1.176595427457185039e+00,2.199499601075846078e-01,4.969422883353376286e-02
1.388782542949788423e+00,3.877385017368304987e-01,7.745494605340355054e-01,1.035831897764023068e+00,3.587187320243174771e-01
5.537728534391211932e-01,4.938045238828096539e-01,9.961520204489118235e-01,1.340810500449727050e+00,1.083473292414556699e+00
1.444833654832747616e+00,8.799381863938285919e-01,1.107509925459010613e+00,5.647831308233508540e-01,9.475253583117601019e-01
1.010512899968870171e+00,1.083820481789913526e+00,7.710675734012110150e-01,1.264718845283115289e+00,5.666082002962874453e-01
1.005631211069814235e+00,7.629376832057044311e-01,9.363106611703287951e-01,1.274084780728687694e+00,9.003053356936802087e-01
8.485096098127620223e-01,9.273338994383963918e-01,9.217574570638381593e-01,6.844428733549485777e-01,1.111952655391216460e+00
1.405832048558596226e+00,6.359311268337732859e-01,6.827357108577296607e-01,2.116143199272798037e-01,1.228766261781930380e+00
6.801107197068153587e-01,-1.862680843150681803e-02,1.341921404685342933e+00,1.653841914065381502e+00,9.215319345109528326e-01
1.474029278490611716e+00,7.201827198719099599e-01,6.580629443468896111e-01,1.392908496464134505e+00,1.228601209861048149e+00
9.662025112251630965e-01,6.001377797997665686e-01,7.125764888158296895e-01,9.942304295673244363e-01,8.867634544579179323e-01
4.636891319809495204e-01,1.761417566559549508e+00,8.609211079195997485e-01,6.777416100160404966e-01,1.043840662565927113e+00
6.216882974466536593e-01,1.461725179596645274e+00,9.007962608136588223e-01,6.974701368030107318e-01,3.766860407958128043e-01
9.622031331662377340e-01,6.208129430414984773e-01,1.023835063498449438e+00,1.230538411890460759e+00,9.971072264045275357e-01
3.680430870731030146e-01,6.327223925429481532e-01,1.041803024699333502e+00,1.483449287432790031e+00,1.180194651760056779e+00
1.156173200814958335e+00,1.068303898814497943e+00,9.244063501437415065e-01,9.241106798202248784e-01,7.327165736200061952e-01
1.358988163968007923e+00,1.654273683660384686e-01,8.783656396712073988e-01,1.188082372312238899e+00,6.660449269288516438e-01
1.046159353105103218e+00,1.147330655677249567e+00,6.153058261510930826e-01,5.655636359290064918e-01,6.352172227073124011e-01
9.822318686915483266e-01,1.144254807249790673e+00,1.162649324144747753e+00,8.502262278707246601e-01,9.488663344049771409e-01
6.264784894388892855e-01,-6.815086125579319920e-02,1.508369269047823646e+00,1.223023397265167178e+00,8.977812301241687720e-01
7.432782083691908959e-01,7.589200689179577131e-01,1.182862085083105974e+00,8.904825468883227346e-01,5.931824604369207998e-01
1.017752444322973293e+00,8.380399315392421666e-01,8.607157315903158912e-01,1.357280625813091168e+00,1.196265243389465383e+00
9.766817720131814040e-01,2.156200682262714718e-01,5.651026692804349549e-01,1.228271494166314648e+00,1.013496060388593412e+00
7.701070564017546971e-01,1.566340277326101038e+00,8.729786590021006987e-01,6.370120690150862242e-01,1.162896726589083052e+00
1.144098776377951987e+00,1.066418998828334352e+00,7.866479489002641268e-01,7.838737553581109907e-01,9.665673910170989869e-01
9.339785968236830049e-01,9.958291345954075613e-01,9.173378220547949713e-01,8.895702820301121250e-01,7.176728067354131158e-01
6.935209396859610687e-01,1.008020374871559710e+00,8.553165939481812696e-01,7.747169296275311368e-01,5.852566964444214648e-01
1.111965092593788507e+00,6.542919143038742336e-01,9.767040539613019989e-01,1.191540199477286732e+00,9.905388080809843787e-01
8.607685434275730296e-01,9.080717853058637434e-01,9.864878343226746171e-01,9.710082441272553933e-01,1.001181860349277475e+00
7.107702040301659974e-01,6.887954376919470656e-01,8.790385935913899162e-01,9.823934801670098915e-01,1.110668282396921835e+00
7.928351284226431428e-01,9.997941087672155280e-01,8.250272837794495606e-01,6.404948482177460489e-01,7.940429544417109131e-01
8.680423602565137120e-01,2.812581541330149149e-01,8.336247786697074114e-01,6.960392069751875077e-01,8.630020972109738731e-01
6.431646443121123990e-01,9.434202859203950631e-01,1.221876035405349725e+00,3.468313801824202125e-01,2.402164116282909934e-01
9.046022314349627669e-01,9.335117145561977470e-01,5.307737625749275878e-01,9.630265959870762948e-01,1.132573711089821966e+00
1.034954894024269878e+00,3.613714018876436618e-01,1.082492055618460514e+00,8.200259232694315781e-01,1.130071392212797843e+00
7.704536372376418196e-01,7.204822107261638076e-01,7.723327027791390131e-01,8.193117081167697879e-01,8.442594605573535693e-01
9.444828535813606929e-02,3.024372517507761815e-01,9.012518237622988426e-01,9.564660186059987801e-01,3.062383056648178004e-01
1.075840190667852969e+00,1.232070336275647993e+00,7.561611585258940504e-01,8.708681760026437679e-01,4.315787741003809241e-01
8.097352734337380786e-01,9.949204968917310099e-01,1.241200528369060141e+00,1.201459918206754018e+00,1.148018739282823608e+00
1.052318551476189690e+00,6.989782199759491110e-01,9.320637878385150676e-01,1.142457119513461183e+00,9.534584429698625963e-01
1.172131711862309578e+00,1.003012189768469398e+00,6.275201375087473554e-01,9.518850735816567488e-01,4.220989557164382955e-01
1.289392239318049027e+00,9.751248799132344880e-01,7.785563850210214243e-01,4.336617448101318106e-01,8.946543467024308249e-01
6.965873303120737603e-01,8.203706716370851026e-01,9.908587188088807673e-01,6.991519093167432031e-01,8.170865338852317805e-01
1.383418501944842616e+00,8.381722396795664443e-01,9.575569040413157706e-01,1.370145479753251294e+00,6.436693280484012680e-01
1.315187517916525994e+00,5.782394390060144884e-01,6.352941273068848371e-01,1.225263491228188117e+00,9.594191472971820289e-01
9.164748618599946051e-01,7.860943493610299537e-01,9.746880040764648312e-01,1.220488597864754388e+00,1.180776000407834481e+00
9.548511131884749314e-01,8.533910249308038765e-01,7.927067944636621011e-01,9.017635787800275526e-01,9.720985385390673583e-01
8.389806789439959722e-01,6.730320990375644463e-01,1.053372014834261794e+00,1.196716420557163429e+00,7.468257193225686930e-01
5.953362322092717873e-01,8.128312398230799207e-01,9.516759037507284136e-01,6.872766708527654478e-01,8.562201207556431326e-01
1.178306959779898522e+00,2.343109824649877715e-01,1.223956102220067121e+00,4.167951775199258968e-01,1.641435812682621842e+00
1.062328365915174766e+00,7.891274748884136159e-01,1.151217114448298329e+00,8.727190172267281776e-01,7.966769102378272738e-01
9.405111850981494603e-01,6.994854275507125241e-01,1.029900538698978796e+00,1.367372693293184893e+00,1.338740508371869309e+00
1.311285447094376222e+00,1.254322562874717051e-01,7.296622165948567496e-01,1.170538526795979140e+00,7.882602972339178837e-01
1.136325306203478158e+00,1.083771204763376961e+00,6.022347448009626181e-01,6.363438775755746457e-01,6.363782088945005855e-01
8.549326666032777133e-01,7.665080257647839401e-01,1.165912038661712558e+00,9.167411551459362373e-01,6.136354156946798311e-01
8.300058764530364730e-01,1.046712950998433422e+00,8.384066589659816549e-01,8.024715566835532998e-01,7.814271462055276674e-01
8.901738467271300692e-01,4.375309058876169499e-01,8.124092817260388788e-01,1.175560360804404514e+00,7.363370532802415713e-01
4.637466499940440245e-01,7.950158259807333927e-01,7.927626825424211043e-01,1.180210877320911012e+00,1.465004510953075600e+00
8.067477302674891382e-01,1.207991637738820234e+00,8.878973670286524067e-01,1.201387546606662998e-01,2.978652290729480456e-01
1.136204031345240395e+00,2.887937212986481095e-01,4.101607588634605950e-01,5.964622684187710355e-01,2.295378799343188891e+00
1.018923277789161475e+00,7.998379578274230628e-01,1.239900032214449555e+00,5.825801816178260983e-01,9.480136097472632306e-01
9.411690536304039290e-01,1.128013996432970956e+00,9.743470878516150568e-01,1.168355448738794156e+00,1.019150107092679169e+00
9.048547201488427172e-01,1.124827318425287492e+00,8.184416309496813646e-01,1.026756489644899739e+00,7.747652682359839060e-01
2.010143140922204363e+00,4.619719241733922233e-01,9.562928971959270275e-01,8.708982056743092004e-01,6.502402577220376401e-01
7.981748245064103076e-01,9.926534547684048304e-01,8.047536601531611877e-01,8.106035175579119345e-01,8.640930515266498357e-01
8.724474117087729352e-01,8.317019103412087722e-01,7.963812441683396637e-01,4.026670686081722517e-01,4.023683215689082271e-01
1.062553503301059132e+00,9.638131555406966866e-01,8.575954283305301518e-01,1.006006160143155137e+00,1.087365735650470233e+00
1.052035803850474904e+00,1.047948783136071205e+00,5.835697537969635196e-01,6.051762914747490507e-01,9.743464728907383909e-01
8.247442736740153713e-01,1.018560584986937245e+00,6.487530683622783068e-01,6.664878229255226660e-01,4.807581313197430428e-01
1.110150425218898951e+00,6.243241384926271342e-01,1.213498469792410051e+00,7.236903484048226032e-01,8.600998774762419474e-01
7.539647154772084470e-01,6.875127068611218695e-01,9.118855380975138258e-01,1.001550423061846606e+00,1.010684166435568798e+00
9.355709967692545925e-01,8.607746454839079187e-01,9.481324155298130885e-01,7.158444403439929715e-01,7.518862324332420410e-01
7.053908890485950378e-01,3.571149590316859967e-01,8.703804608899816664e-01,9.455628296470033334e-01,7.660259595069003336e-01
1.037138089874642732e+00,6.982894372954395745e-01,7.326236642947051569e-01,1.040406114665479498e+00,1.368208849848962627e+00
8.903885055349016753e-01,8.256740003872272693e-01,9.449578761907568847e-01,5.784401259685445496e-01,6.888463830675989330e-01
1.061927044017888289e+00,1.095171973721147385e+00,1.110631963876186346e+00,9.615244518660893691e-01,1.083769113057254874e+00
